{
  "model_name": "magnitude_attention_heads_sparsity30",
  "base_model": "base_model",
  "n_layers": 12,
  "d_model": 768,
  "n_samples": 500,
  "layer_similarities": {
    "0": {
      "mean": 1.0,
      "std": 9.610960205463925e-08,
      "min": 0.9999997019767761,
      "max": 1.000000238418579,
      "median": 1.0,
      "q25": 0.9999999403953552,
      "q75": 1.0
    },
    "1": {
      "mean": 0.989708662033081,
      "std": 0.0008013519691303372,
      "min": 0.9869000911712646,
      "max": 0.9918702840805054,
      "median": 0.989763617515564,
      "q25": 0.9892137050628662,
      "q75": 0.9902535527944565
    },
    "2": {
      "mean": 0.9769225120544434,
      "std": 0.0016822470352053642,
      "min": 0.968347430229187,
      "max": 0.9808631539344788,
      "median": 0.9770109057426453,
      "q25": 0.9758763760328293,
      "q75": 0.978053942322731
    },
    "3": {
      "mean": 0.9883726835250854,
      "std": 0.0010101875523105264,
      "min": 0.9817718863487244,
      "max": 0.9905827045440674,
      "median": 0.9884393215179443,
      "q25": 0.9877561926841736,
      "q75": 0.9890836477279663
    },
    "4": {
      "mean": 0.9892332553863525,
      "std": 0.0012468057684600353,
      "min": 0.9802303910255432,
      "max": 0.991898775100708,
      "median": 0.9893313646316528,
      "q25": 0.9885217398405075,
      "q75": 0.9900004863739014
    },
    "5": {
      "mean": 0.9793201684951782,
      "std": 0.0019137903582304716,
      "min": 0.9715868234634399,
      "max": 0.9834545850753784,
      "median": 0.979393482208252,
      "q25": 0.978160560131073,
      "q75": 0.9806382209062576
    },
    "6": {
      "mean": 0.9744189977645874,
      "std": 0.0031918243039399385,
      "min": 0.956709086894989,
      "max": 0.9816680550575256,
      "median": 0.9747013449668884,
      "q25": 0.9724626839160919,
      "q75": 0.9767279326915741
    },
    "7": {
      "mean": 0.9738202095031738,
      "std": 0.00366370752453804,
      "min": 0.9560050368309021,
      "max": 0.9824128746986389,
      "median": 0.9742386341094971,
      "q25": 0.9716656804084778,
      "q75": 0.9763317257165909
    },
    "8": {
      "mean": 0.9691851139068604,
      "std": 0.004137103911489248,
      "min": 0.9494013786315918,
      "max": 0.9777489900588989,
      "median": 0.9694811701774597,
      "q25": 0.9668044894933701,
      "q75": 0.9721706956624985
    },
    "9": {
      "mean": 0.9756683111190796,
      "std": 0.004007450304925442,
      "min": 0.9554581642150879,
      "max": 0.9827437996864319,
      "median": 0.9762657880783081,
      "q25": 0.9736057221889496,
      "q75": 0.9784728139638901
    },
    "10": {
      "mean": 0.9837784767150879,
      "std": 0.0021521085873246193,
      "min": 0.973590612411499,
      "max": 0.9882198572158813,
      "median": 0.9839535355567932,
      "q25": 0.982630044221878,
      "q75": 0.9853120297193527
    },
    "11": {
      "mean": 0.9645547866821289,
      "std": 0.005362895783036947,
      "min": 0.9456930756568909,
      "max": 0.9779019355773926,
      "median": 0.9648287892341614,
      "q25": 0.9611343294382095,
      "q75": 0.9684894979000092
    }
  },
  "cka_similarity": {
    "0": 0.9999999999512833,
    "1": 0.9979722083017823,
    "2": 0.9956181402592075,
    "3": 0.9928907714530172,
    "4": 0.9913152864173266,
    "5": 0.9868491051641178,
    "6": 0.9491968302564321,
    "7": 0.9286875739061495,
    "8": 0.9096037150848159,
    "9": 0.9225982923047915,
    "10": 0.9125362908062281,
    "11": 0.7102307530999935
  }
}