{
  "model_name": "magnitude_attention_heads_sparsity50",
  "base_model": "base_model",
  "n_layers": 12,
  "d_model": 768,
  "n_samples": 500,
  "layer_similarities": {
    "0": {
      "mean": 1.0,
      "std": 9.610960205463925e-08,
      "min": 0.9999997019767761,
      "max": 1.000000238418579,
      "median": 1.0,
      "q25": 0.9999999403953552,
      "q75": 1.0
    },
    "1": {
      "mean": 0.989708662033081,
      "std": 0.0008013519691303372,
      "min": 0.9869000911712646,
      "max": 0.9918702840805054,
      "median": 0.989763617515564,
      "q25": 0.9892137050628662,
      "q75": 0.9902535527944565
    },
    "2": {
      "mean": 0.9769225120544434,
      "std": 0.0016822470352053642,
      "min": 0.968347430229187,
      "max": 0.9808631539344788,
      "median": 0.9770109057426453,
      "q25": 0.9758763760328293,
      "q75": 0.978053942322731
    },
    "3": {
      "mean": 0.9795969128608704,
      "std": 0.0016467092791572213,
      "min": 0.9699785709381104,
      "max": 0.9830154180526733,
      "median": 0.9796524047851562,
      "q25": 0.9786305725574493,
      "q75": 0.9807767271995544
    },
    "4": {
      "mean": 0.9842990040779114,
      "std": 0.0017596302786841989,
      "min": 0.9720904231071472,
      "max": 0.987928569316864,
      "median": 0.9843714833259583,
      "q25": 0.9833659827709198,
      "q75": 0.9855031669139862
    },
    "5": {
      "mean": 0.9750382304191589,
      "std": 0.002088950015604496,
      "min": 0.9633513689041138,
      "max": 0.9793875217437744,
      "median": 0.975188136100769,
      "q25": 0.9738830029964447,
      "q75": 0.9764492511749268
    },
    "6": {
      "mean": 0.9740585684776306,
      "std": 0.002734194276854396,
      "min": 0.9515734910964966,
      "max": 0.9804694056510925,
      "median": 0.9743231534957886,
      "q25": 0.972423791885376,
      "q75": 0.9759491533041
    },
    "7": {
      "mean": 0.9715257287025452,
      "std": 0.002652921248227358,
      "min": 0.9530162215232849,
      "max": 0.9773749709129333,
      "median": 0.9718519449234009,
      "q25": 0.9700412601232529,
      "q75": 0.9733785688877106
    },
    "8": {
      "mean": 0.9680262207984924,
      "std": 0.0032646367326378822,
      "min": 0.9482007622718811,
      "max": 0.9755055904388428,
      "median": 0.9683244824409485,
      "q25": 0.9662064015865326,
      "q75": 0.9703151434659958
    },
    "9": {
      "mean": 0.9703075885772705,
      "std": 0.0027915737591683865,
      "min": 0.951475977897644,
      "max": 0.9778362512588501,
      "median": 0.9704461693763733,
      "q25": 0.9686458557844162,
      "q75": 0.9721723794937134
    },
    "10": {
      "mean": 0.9758327603340149,
      "std": 0.002512396313250065,
      "min": 0.9643950462341309,
      "max": 0.9827063083648682,
      "median": 0.975922703742981,
      "q25": 0.9742037057876587,
      "q75": 0.977643221616745
    },
    "11": {
      "mean": 0.9635978937149048,
      "std": 0.005055168177932501,
      "min": 0.9456719160079956,
      "max": 0.9768434762954712,
      "median": 0.9639451503753662,
      "q25": 0.9602304995059967,
      "q75": 0.9673103094100952
    }
  },
  "cka_similarity": {
    "0": 0.9999999999512833,
    "1": 0.9979722083017823,
    "2": 0.9956181402592075,
    "3": 0.988449666664656,
    "4": 0.9869960150470511,
    "5": 0.9751542542665055,
    "6": 0.9449403547190572,
    "7": 0.9092720222368109,
    "8": 0.8897341368999456,
    "9": 0.8897642587715222,
    "10": 0.8443201760603212,
    "11": 0.5848080768128809
  }
}