{
  "mean_logit_diff": 2.9420769214630127,
  "std_logit_diff": 1.7969862222671509,
  "median_logit_diff": 2.8216171264648438,
  "accuracy": 0.9480000138282776
}