{
  "model_name": "random_neurons_sparsity70",
  "base_model": "base_model",
  "n_layers": 12,
  "d_model": 768,
  "n_samples": 500,
  "layer_similarities": {
    "0": {
      "mean": 0.9703404307365417,
      "std": 0.0015956988791003823,
      "min": 0.9641516804695129,
      "max": 0.9743525385856628,
      "median": 0.9705350399017334,
      "q25": 0.9694059491157532,
      "q75": 0.9715527594089508
    },
    "1": {
      "mean": 0.9576323628425598,
      "std": 0.0024917637929320335,
      "min": 0.9484356641769409,
      "max": 0.9630400538444519,
      "median": 0.9579296112060547,
      "q25": 0.9561658203601837,
      "q75": 0.9594053626060486
    },
    "2": {
      "mean": 0.904118001461029,
      "std": 0.00908859632909298,
      "min": 0.8788576126098633,
      "max": 0.9286765456199646,
      "median": 0.9045292139053345,
      "q25": 0.8980260640382767,
      "q75": 0.9106673002243042
    },
    "3": {
      "mean": 0.9110115766525269,
      "std": 0.0075732143595814705,
      "min": 0.8701841831207275,
      "max": 0.9244810342788696,
      "median": 0.9120484590530396,
      "q25": 0.9086822271347046,
      "q75": 0.9152176231145859
    },
    "4": {
      "mean": 0.8898379802703857,
      "std": 0.009469514712691307,
      "min": 0.834295392036438,
      "max": 0.909225583076477,
      "median": 0.8909820318222046,
      "q25": 0.8860274255275726,
      "q75": 0.8957588225603104
    },
    "5": {
      "mean": 0.8449686765670776,
      "std": 0.007096739485859871,
      "min": 0.8106330633163452,
      "max": 0.8719445466995239,
      "median": 0.8453521728515625,
      "q25": 0.8414776623249054,
      "q75": 0.8493433147668839
    },
    "6": {
      "mean": 0.7947923541069031,
      "std": 0.013186804950237274,
      "min": 0.7021408677101135,
      "max": 0.8373301029205322,
      "median": 0.79640793800354,
      "q25": 0.7902432382106781,
      "q75": 0.8024472296237946
    },
    "7": {
      "mean": 0.7217581868171692,
      "std": 0.02201959304511547,
      "min": 0.6005105972290039,
      "max": 0.8173538446426392,
      "median": 0.724250078201294,
      "q25": 0.7112612873315811,
      "q75": 0.7352185845375061
    },
    "8": {
      "mean": 0.7113174200057983,
      "std": 0.02576315775513649,
      "min": 0.5959970951080322,
      "max": 0.8026636242866516,
      "median": 0.7129552364349365,
      "q25": 0.6983801424503326,
      "q75": 0.7271010726690292
    },
    "9": {
      "mean": 0.8367002010345459,
      "std": 0.013103822246193886,
      "min": 0.7812835574150085,
      "max": 0.8683056235313416,
      "median": 0.8368433117866516,
      "q25": 0.8284486830234528,
      "q75": 0.844792440533638
    },
    "10": {
      "mean": 0.8013870120048523,
      "std": 0.018276231363415718,
      "min": 0.7403016090393066,
      "max": 0.854738712310791,
      "median": 0.8016529083251953,
      "q25": 0.7896811217069626,
      "q75": 0.8136058747768402
    },
    "11": {
      "mean": 0.8523746728897095,
      "std": 0.022723425179719925,
      "min": 0.7903856039047241,
      "max": 0.9245259165763855,
      "median": 0.8508549928665161,
      "q25": 0.8359055519104004,
      "q75": 0.8666824102401733
    }
  },
  "cka_similarity": {
    "0": 0.9817426788568367,
    "1": 0.9816294893330227,
    "2": 0.9467407710030205,
    "3": 0.8876312272149511,
    "4": 0.8342025835508783,
    "5": 0.7754783095864891,
    "6": 0.6719729250693746,
    "7": 0.4961563228692911,
    "8": 0.4015129285171387,
    "9": 0.33285239576863035,
    "10": 0.2816288126923731,
    "11": 0.16495294187956533
  }
}