{
  "model_name": "base_model",
  "base_model": "base_model",
  "n_layers": 12,
  "d_model": 768,
  "n_samples": 500,
  "layer_similarities": {
    "0": {
      "mean": 1.0,
      "std": 9.610960205463925e-08,
      "min": 0.9999997019767761,
      "max": 1.000000238418579,
      "median": 1.0,
      "q25": 0.9999999403953552,
      "q75": 1.0
    },
    "1": {
      "mean": 1.0,
      "std": 9.390333133296735e-08,
      "min": 0.9999997615814209,
      "max": 1.000000238418579,
      "median": 1.0,
      "q25": 0.9999999403953552,
      "q75": 1.0
    },
    "2": {
      "mean": 1.0,
      "std": 9.121652766452826e-08,
      "min": 0.9999997019767761,
      "max": 1.000000238418579,
      "median": 1.0,
      "q25": 0.9999999403953552,
      "q75": 1.0
    },
    "3": {
      "mean": 1.0,
      "std": 9.287619917586198e-08,
      "min": 0.9999997615814209,
      "max": 1.000000238418579,
      "median": 1.0,
      "q25": 0.9999999403953552,
      "q75": 1.0
    },
    "4": {
      "mean": 1.0,
      "std": 8.224576930615513e-08,
      "min": 0.9999997615814209,
      "max": 1.000000238418579,
      "median": 1.0,
      "q25": 0.9999999403953552,
      "q75": 1.0
    },
    "5": {
      "mean": 1.0,
      "std": 7.89395926403813e-08,
      "min": 0.9999997615814209,
      "max": 1.000000238418579,
      "median": 1.0,
      "q25": 0.9999999403953552,
      "q75": 1.0
    },
    "6": {
      "mean": 1.0,
      "std": 7.216840458568186e-08,
      "min": 0.9999997615814209,
      "max": 1.000000238418579,
      "median": 1.0,
      "q25": 0.9999999403953552,
      "q75": 1.0
    },
    "7": {
      "mean": 1.0,
      "std": 9.636801223678049e-08,
      "min": 0.9999997615814209,
      "max": 1.000000238418579,
      "median": 1.0,
      "q25": 0.9999999403953552,
      "q75": 1.0
    },
    "8": {
      "mean": 1.0,
      "std": 8.832756748233805e-08,
      "min": 0.9999997615814209,
      "max": 1.000000238418579,
      "median": 1.0,
      "q25": 0.9999999403953552,
      "q75": 1.0
    },
    "9": {
      "mean": 1.0,
      "std": 7.28055553622653e-08,
      "min": 0.9999997615814209,
      "max": 1.000000238418579,
      "median": 1.0,
      "q25": 0.9999999403953552,
      "q75": 1.0
    },
    "10": {
      "mean": 1.0,
      "std": 8.483984004215017e-08,
      "min": 0.9999997615814209,
      "max": 1.000000238418579,
      "median": 1.0,
      "q25": 0.9999999403953552,
      "q75": 1.0
    },
    "11": {
      "mean": 1.0,
      "std": 7.623804521017519e-08,
      "min": 0.9999997615814209,
      "max": 1.000000238418579,
      "median": 1.0,
      "q25": 0.9999999403953552,
      "q75": 1.0
    }
  },
  "cka_similarity": {
    "0": 0.9999999999512833,
    "1": 0.9999999999612914,
    "2": 0.9999999999575225,
    "3": 0.9999999999579099,
    "4": 0.999999999961464,
    "5": 0.9999999999679549,
    "6": 0.9999999999786737,
    "7": 0.9999999999893457,
    "8": 0.9999999999957134,
    "9": 0.9999999999987762,
    "10": 0.9999999999996855,
    "11": 0.9999999999999533
  }
}