{
  "model_name": "magnitude_attention_heads_sparsity70",
  "base_model": "base_model",
  "n_layers": 12,
  "d_model": 768,
  "n_samples": 500,
  "layer_similarities": {
    "0": {
      "mean": 0.943583607673645,
      "std": 0.005254677031189203,
      "min": 0.9304701089859009,
      "max": 0.9602726101875305,
      "median": 0.9433480501174927,
      "q25": 0.9400119185447693,
      "q75": 0.946819469332695
    },
    "1": {
      "mean": 0.9632426500320435,
      "std": 0.0031139212660491467,
      "min": 0.9530074596405029,
      "max": 0.9724060297012329,
      "median": 0.9631857872009277,
      "q25": 0.961582601070404,
      "q75": 0.9651326984167099
    },
    "2": {
      "mean": 0.9669691920280457,
      "std": 0.003361392766237259,
      "min": 0.9551597237586975,
      "max": 0.9769195914268494,
      "median": 0.9670699834823608,
      "q25": 0.9650020599365234,
      "q75": 0.9691023081541061
    },
    "3": {
      "mean": 0.97222900390625,
      "std": 0.002441646298393607,
      "min": 0.9605648517608643,
      "max": 0.9780573844909668,
      "median": 0.972398579120636,
      "q25": 0.9707887768745422,
      "q75": 0.9738770872354507
    },
    "4": {
      "mean": 0.9645436406135559,
      "std": 0.002990803448483348,
      "min": 0.9505095481872559,
      "max": 0.9715359210968018,
      "median": 0.9646008014678955,
      "q25": 0.9627589285373688,
      "q75": 0.9665482491254807
    },
    "5": {
      "mean": 0.9591315388679504,
      "std": 0.0031131880823522806,
      "min": 0.9447671175003052,
      "max": 0.9667573571205139,
      "median": 0.959409236907959,
      "q25": 0.9573296010494232,
      "q75": 0.9611991047859192
    },
    "6": {
      "mean": 0.9549866914749146,
      "std": 0.0038009362760931253,
      "min": 0.9313210248947144,
      "max": 0.9638320207595825,
      "median": 0.9552427530288696,
      "q25": 0.9526076465845108,
      "q75": 0.9575324207544327
    },
    "7": {
      "mean": 0.9512270092964172,
      "std": 0.003997210878878832,
      "min": 0.927298367023468,
      "max": 0.9610154032707214,
      "median": 0.9513720273971558,
      "q25": 0.9488257765769958,
      "q75": 0.9540987908840179
    },
    "8": {
      "mean": 0.9480612277984619,
      "std": 0.0047849323600530624,
      "min": 0.9230763912200928,
      "max": 0.9623404145240784,
      "median": 0.9481493234634399,
      "q25": 0.9452197253704071,
      "q75": 0.9513495862483978
    },
    "9": {
      "mean": 0.9478222131729126,
      "std": 0.004690173547714949,
      "min": 0.9198395013809204,
      "max": 0.9629605412483215,
      "median": 0.9477984309196472,
      "q25": 0.9448076039552689,
      "q75": 0.9507703483104706
    },
    "10": {
      "mean": 0.9604138731956482,
      "std": 0.003879788564518094,
      "min": 0.9396746754646301,
      "max": 0.9715604782104492,
      "median": 0.9604596495628357,
      "q25": 0.9578478187322617,
      "q75": 0.9631094932556152
    },
    "11": {
      "mean": 0.9560784697532654,
      "std": 0.0054524182341992855,
      "min": 0.9366604089736938,
      "max": 0.9731652140617371,
      "median": 0.9565502405166626,
      "q25": 0.9522774070501328,
      "q75": 0.9597740322351456
    }
  },
  "cka_similarity": {
    "0": 0.981077302732675,
    "1": 0.979512209589819,
    "2": 0.9768112691834301,
    "3": 0.9705210066746124,
    "4": 0.9402270761383463,
    "5": 0.9378396175209095,
    "6": 0.9184544926419993,
    "7": 0.8712118144325781,
    "8": 0.819503591258533,
    "9": 0.7868883547770622,
    "10": 0.6282750267702741,
    "11": 0.40747980282774865
  }
}