{
  "mean_logit_diff": 2.9420759677886963,
  "std_logit_diff": 1.7969833612442017,
  "median_logit_diff": 2.821661949157715,
  "accuracy": 0.9480000138282776
}