{
  "model_name": "random_neurons_sparsity50",
  "base_model": "base_model",
  "n_layers": 12,
  "d_model": 768,
  "n_samples": 500,
  "layer_similarities": {
    "0": {
      "mean": 0.9752458930015564,
      "std": 0.0020090793259441853,
      "min": 0.9672386050224304,
      "max": 0.9785144329071045,
      "median": 0.9757059812545776,
      "q25": 0.9742109030485153,
      "q75": 0.9767685234546661
    },
    "1": {
      "mean": 0.9726229310035706,
      "std": 0.001983952708542347,
      "min": 0.9654048681259155,
      "max": 0.9770798683166504,
      "median": 0.9727090001106262,
      "q25": 0.9714435786008835,
      "q75": 0.974054604768753
    },
    "2": {
      "mean": 0.9622844457626343,
      "std": 0.0023857434280216694,
      "min": 0.9540640711784363,
      "max": 0.9683855772018433,
      "median": 0.9623254537582397,
      "q25": 0.9606817960739136,
      "q75": 0.9639549404382706
    },
    "3": {
      "mean": 0.9326669573783875,
      "std": 0.00524901133030653,
      "min": 0.9157253503799438,
      "max": 0.9479207992553711,
      "median": 0.932854413986206,
      "q25": 0.9291244894266129,
      "q75": 0.9360255599021912
    },
    "4": {
      "mean": 0.932584285736084,
      "std": 0.0030596426222473383,
      "min": 0.9197949171066284,
      "max": 0.9400863647460938,
      "median": 0.9326874017715454,
      "q25": 0.9306797534227371,
      "q75": 0.9344988912343979
    },
    "5": {
      "mean": 0.9128053188323975,
      "std": 0.005119722802191973,
      "min": 0.8905690908432007,
      "max": 0.9275656938552856,
      "median": 0.9130403995513916,
      "q25": 0.9096158295869827,
      "q75": 0.9158939570188522
    },
    "6": {
      "mean": 0.8702146410942078,
      "std": 0.008782626129686832,
      "min": 0.8403370380401611,
      "max": 0.8981581926345825,
      "median": 0.8702746629714966,
      "q25": 0.8644664734601974,
      "q75": 0.8761706203222275
    },
    "7": {
      "mean": 0.8237513303756714,
      "std": 0.015028798952698708,
      "min": 0.7774363160133362,
      "max": 0.869070827960968,
      "median": 0.8243099451065063,
      "q25": 0.8136759251356125,
      "q75": 0.8338682651519775
    },
    "8": {
      "mean": 0.792950451374054,
      "std": 0.01743997260928154,
      "min": 0.7387272119522095,
      "max": 0.8457760214805603,
      "median": 0.7922170162200928,
      "q25": 0.7810345441102982,
      "q75": 0.8045956939458847
    },
    "9": {
      "mean": 0.8276953101158142,
      "std": 0.015052113682031631,
      "min": 0.7831303477287292,
      "max": 0.8719898462295532,
      "median": 0.8279010057449341,
      "q25": 0.8173617124557495,
      "q75": 0.8372939229011536
    },
    "10": {
      "mean": 0.8444482684135437,
      "std": 0.01297839730978012,
      "min": 0.8131352663040161,
      "max": 0.8856940269470215,
      "median": 0.8447615504264832,
      "q25": 0.835513561964035,
      "q75": 0.8524076789617538
    },
    "11": {
      "mean": 0.9210092425346375,
      "std": 0.015645088627934456,
      "min": 0.8582390546798706,
      "max": 0.958794355392456,
      "median": 0.9219962358474731,
      "q25": 0.9131099432706833,
      "q75": 0.9315648376941681
    }
  },
  "cka_similarity": {
    "0": 0.9957058856216894,
    "1": 0.9659419547859402,
    "2": 0.9702715673665889,
    "3": 0.9580177070324318,
    "4": 0.9450197911787385,
    "5": 0.9132452246055925,
    "6": 0.837417227292024,
    "7": 0.7240393896717726,
    "8": 0.6215991602098441,
    "9": 0.6141589089390339,
    "10": 0.6202889708884233,
    "11": 0.32468437833622554
  }
}