{
  "mean_logit_diff": 2.9532575607299805,
  "std_logit_diff": 1.825896978378296,
  "median_logit_diff": 2.937161445617676,
  "accuracy": 0.949999988079071
}