{
  "comparison_type": "proportional",
  "gpt2_n_layers": 13,
  "distilgpt2_n_layers": 7,
  "gpt2_d_model": 768,
  "distilgpt2_d_model": 768,
  "layer_similarities": {
    "gpt2_0_distil_0": {
      "gpt2_layer": 0,
      "distil_layer": 0,
      "mean": 0.9976559281349182,
      "std": 0.00016931681602727622,
      "median": 0.9976685047149658,
      "q25": 0.9975393861532211,
      "q75": 0.9977495968341827
    },
    "gpt2_2_distil_1": {
      "gpt2_layer": 2,
      "distil_layer": 1,
      "mean": 0.9697385430335999,
      "std": 0.0024256391916424036,
      "median": 0.9698874950408936,
      "q25": 0.9685703963041306,
      "q75": 0.9712821245193481
    },
    "gpt2_4_distil_2": {
      "gpt2_layer": 4,
      "distil_layer": 2,
      "mean": 0.978751540184021,
      "std": 0.0012039555003866553,
      "median": 0.9787635803222656,
      "q25": 0.9780318439006805,
      "q75": 0.9795698970556259
    },
    "gpt2_6_distil_3": {
      "gpt2_layer": 6,
      "distil_layer": 3,
      "mean": 0.9796486496925354,
      "std": 0.001065603457391262,
      "median": 0.9797083735466003,
      "q25": 0.9788682907819748,
      "q75": 0.9803905338048935
    },
    "gpt2_8_distil_4": {
      "gpt2_layer": 8,
      "distil_layer": 4,
      "mean": 0.9728949069976807,
      "std": 0.0014152424409985542,
      "median": 0.9730913043022156,
      "q25": 0.9719031453132629,
      "q75": 0.973921000957489
    },
    "gpt2_10_distil_5": {
      "gpt2_layer": 10,
      "distil_layer": 5,
      "mean": 0.9395091533660889,
      "std": 0.0031024839263409376,
      "median": 0.9394093155860901,
      "q25": 0.9369866400957108,
      "q75": 0.9417686462402344
    },
    "gpt2_12_distil_6": {
      "gpt2_layer": 12,
      "distil_layer": 6,
      "mean": 0.9988551139831543,
      "std": 0.0009813234210014343,
      "median": 0.9990836381912231,
      "q25": 0.9987560957670212,
      "q75": 0.9993211179971695
    }
  },
  "cka_similarity": {
    "gpt2_0_distil_0": 0.9999119121167842,
    "gpt2_2_distil_1": 0.9940100288711851,
    "gpt2_4_distil_2": 0.9902893491267463,
    "gpt2_6_distil_3": 0.9790858043682753,
    "gpt2_8_distil_4": 0.9621021588903015,
    "gpt2_10_distil_5": 0.9227045414331143,
    "gpt2_12_distil_6": 0.5783681799237208
  }
}