{
  "comparison_type": "proportional",
  "gpt2_layers": 13,
  "distilgpt2_layers": 7,
  "gpt2_d_model": 768,
  "distilgpt2_d_model": 768,
  "n_layer_pairs_compared": 7,
  "overall_mean_cosine": 0.9767219764845712,
  "overall_median_cosine": 0.9787635803222656,
  "overall_std_cosine": 0.01847391852692283,
  "min_cosine": 0.9395091533660889,
  "max_cosine": 0.9988551139831543,
  "early_layers_cosine": 0.9976559281349182,
  "middle_layers_cosine": 0.9752584099769592,
  "late_layers_cosine": 0.9691821336746216,
  "overall_mean_cka": 0.9180674249614469,
  "overall_median_cka": 0.9790858043682753,
  "overall_std_cka": 0.14079427029861863,
  "min_cka": 0.5783681799237208,
  "max_cka": 0.9999119121167842,
  "early_layers_cka": 0.9999119121167842,
  "middle_layers_cka": 0.981371835314127,
  "late_layers_cka": 0.7505363606784176
}