{
  "model_name": "magnitude_neurons_sparsity50",
  "base_model": "base_model",
  "n_layers": 12,
  "d_model": 768,
  "n_samples": 500,
  "layer_similarities": {
    "0": {
      "mean": 0.8012346029281616,
      "std": 0.006200656294822693,
      "min": 0.7787084579467773,
      "max": 0.8277982473373413,
      "median": 0.8008314371109009,
      "q25": 0.7969908118247986,
      "q75": 0.8054982125759125
    },
    "1": {
      "mean": 0.7988219261169434,
      "std": 0.01669790968298912,
      "min": 0.7405872344970703,
      "max": 0.8406152725219727,
      "median": 0.7998248338699341,
      "q25": 0.7877180278301239,
      "q75": 0.8110572248697281
    },
    "2": {
      "mean": 0.8149802684783936,
      "std": 0.022089067846536636,
      "min": 0.7400467991828918,
      "max": 0.8604743480682373,
      "median": 0.8176919221878052,
      "q25": 0.7997515350580215,
      "q75": 0.8318706154823303
    },
    "3": {
      "mean": 0.8363818526268005,
      "std": 0.009473739191889763,
      "min": 0.800771951675415,
      "max": 0.8606441020965576,
      "median": 0.8365200757980347,
      "q25": 0.8307155221700668,
      "q75": 0.84312704205513
    },
    "4": {
      "mean": 0.8165106177330017,
      "std": 0.012061722576618195,
      "min": 0.7584040760993958,
      "max": 0.8451333045959473,
      "median": 0.8180080056190491,
      "q25": 0.8099007159471512,
      "q75": 0.8236944228410721
    },
    "5": {
      "mean": 0.8091586828231812,
      "std": 0.012235182337462902,
      "min": 0.7548133134841919,
      "max": 0.8422948122024536,
      "median": 0.8104963302612305,
      "q25": 0.8020088970661163,
      "q75": 0.8166996985673904
    },
    "6": {
      "mean": 0.7879393100738525,
      "std": 0.01686903089284897,
      "min": 0.6863423585891724,
      "max": 0.8393080234527588,
      "median": 0.788066029548645,
      "q25": 0.7778973430395126,
      "q75": 0.7981671988964081
    },
    "7": {
      "mean": 0.7889161705970764,
      "std": 0.022239942103624344,
      "min": 0.6324951648712158,
      "max": 0.8586448431015015,
      "median": 0.7878687381744385,
      "q25": 0.7762019336223602,
      "q75": 0.8023916035890579
    },
    "8": {
      "mean": 0.7815936207771301,
      "std": 0.03455327823758125,
      "min": 0.5706307291984558,
      "max": 0.8789923191070557,
      "median": 0.7811093926429749,
      "q25": 0.7610649913549423,
      "q75": 0.8030515015125275
    },
    "9": {
      "mean": 0.7854477763175964,
      "std": 0.04334928095340729,
      "min": 0.5124369859695435,
      "max": 0.894767165184021,
      "median": 0.7853327989578247,
      "q25": 0.7604954838752747,
      "q75": 0.8142806738615036
    },
    "10": {
      "mean": 0.8239277005195618,
      "std": 0.0395641103386879,
      "min": 0.589076042175293,
      "max": 0.9085367321968079,
      "median": 0.8250887393951416,
      "q25": 0.8031134009361267,
      "q75": 0.8530505448579788
    },
    "11": {
      "mean": 0.9078982472419739,
      "std": 0.018785811960697174,
      "min": 0.8060870170593262,
      "max": 0.9547572135925293,
      "median": 0.9085970520973206,
      "q25": 0.8981182128190994,
      "q75": 0.9200890958309174
    }
  },
  "cka_similarity": {
    "0": 0.979281777236102,
    "1": 0.8773193004940703,
    "2": 0.8443678369865376,
    "3": 0.6722866283325236,
    "4": 0.5982108085778874,
    "5": 0.5007402882351657,
    "6": 0.4739170830530286,
    "7": 0.44518434837560794,
    "8": 0.4392425963076675,
    "9": 0.4079535700261438,
    "10": 0.3710535572174078,
    "11": 0.3200311385611657
  }
}