{
  "model_name": "gpt2_fp16_gpu",
  "n_layers": 13,
  "d_model": 768,
  "layer_similarities": {
    "0": {
      "mean": 0.9999902248382568,
      "std": 0.0001820439356379211,
      "median": 0.9999840259552002,
      "q25": 0.9998233318328857,
      "q75": 1.000145435333252
    },
    "1": {
      "mean": 1.0000101327896118,
      "std": 0.0002375258773099631,
      "median": 1.0000030994415283,
      "q25": 0.9998213052749634,
      "q75": 1.000205397605896
    },
    "2": {
      "mean": 1.0000056028366089,
      "std": 0.00021699465287383646,
      "median": 1.000009536743164,
      "q25": 0.999834418296814,
      "q75": 1.0001641511917114
    },
    "3": {
      "mean": 0.999985933303833,
      "std": 0.00019629861344583333,
      "median": 0.9999889731407166,
      "q25": 0.9998289346694946,
      "q75": 1.000117540359497
    },
    "4": {
      "mean": 0.9999995827674866,
      "std": 0.0001923654053825885,
      "median": 1.0000035762786865,
      "q25": 0.9998692274093628,
      "q75": 1.0001347064971924
    },
    "5": {
      "mean": 0.9999978542327881,
      "std": 0.00023615677491761744,
      "median": 0.9999998807907104,
      "q25": 0.9998424053192139,
      "q75": 1.0001481771469116
    },
    "6": {
      "mean": 0.9999833703041077,
      "std": 0.00028342872974462807,
      "median": 0.9999904632568359,
      "q25": 0.9997667670249939,
      "q75": 1.0001944303512573
    },
    "7": {
      "mean": 0.9999943971633911,
      "std": 0.0002630782837513834,
      "median": 1.0000032186508179,
      "q25": 0.9997867345809937,
      "q75": 1.0001929998397827
    },
    "8": {
      "mean": 1.0000052452087402,
      "std": 0.00024364354612771422,
      "median": 1.0000120401382446,
      "q25": 0.9998143315315247,
      "q75": 1.0002031326293945
    },
    "9": {
      "mean": 1.0000152587890625,
      "std": 0.00021657365141436458,
      "median": 1.0000114440917969,
      "q25": 0.999851405620575,
      "q75": 1.0001819133758545
    },
    "10": {
      "mean": 0.999998152256012,
      "std": 0.00022679453832097352,
      "median": 1.0000009536743164,
      "q25": 0.9998364448547363,
      "q75": 1.0001654624938965
    },
    "11": {
      "mean": 0.9999838471412659,
      "std": 0.00021343378466553986,
      "median": 0.9999759197235107,
      "q25": 0.9998223781585693,
      "q75": 1.0001442432403564
    },
    "12": {
      "mean": 0.9999855160713196,
      "std": 0.00020744554058182985,
      "median": 0.9999794960021973,
      "q25": 0.9998432397842407,
      "q75": 1.0001333951950073
    }
  },
  "cka_similarity": {
    "0": 0.9999999599875345,
    "1": 0.9999997634462684,
    "2": 0.9999997227341643,
    "3": 0.9999976531872037,
    "4": 0.9999971008608466,
    "5": 0.9999970334773791,
    "6": 0.999996388753925,
    "7": 0.9999961774403183,
    "8": 0.9999964310067372,
    "9": 0.9999964348434197,
    "10": 0.9999979215301767,
    "11": 0.9999983889080869,
    "12": 0.9999799920193247
  }
}