gpt2_head,distil_head,correlation,gpt2_nm_score,distil_nm_score
L9H6,L5H10,0.4906895735524286,0.36087660488852996,-0.12440647977562186
L9H9,L5H10,0.42788932367142546,0.5003397233963333,-0.12440647977562186
L10H0,L3H6,0.6306982541772567,0.16609949909127317,-0.06842399580220808
L10H6,L3H6,0.8410955507472309,0.11392715231925832,-0.06842399580220808
L11H2,L3H6,0.9519403884420885,-0.07585055901715532,-0.06842399580220808
