{
  "model_name": "random_attention_heads_sparsity70",
  "base_model": "base_model",
  "n_layers": 12,
  "d_model": 768,
  "n_samples": 500,
  "layer_similarities": {
    "0": {
      "mean": 0.6535258889198303,
      "std": 0.015449346974492073,
      "min": 0.6132745742797852,
      "max": 0.7215099334716797,
      "median": 0.6521264910697937,
      "q25": 0.6431122422218323,
      "q75": 0.6626186817884445
    },
    "1": {
      "mean": 0.8111462593078613,
      "std": 0.011346906423568726,
      "min": 0.783702552318573,
      "max": 0.8506836295127869,
      "median": 0.8106505870819092,
      "q25": 0.8034960925579071,
      "q75": 0.8184228837490082
    },
    "2": {
      "mean": 0.8002311587333679,
      "std": 0.011209380812942982,
      "min": 0.7742913365364075,
      "max": 0.8395302295684814,
      "median": 0.7996651530265808,
      "q25": 0.7927715182304382,
      "q75": 0.8073869496583939
    },
    "3": {
      "mean": 0.7590379118919373,
      "std": 0.012184353545308113,
      "min": 0.7297695875167847,
      "max": 0.8039738535881042,
      "median": 0.7586604952812195,
      "q25": 0.7504007071256638,
      "q75": 0.7663067430257797
    },
    "4": {
      "mean": 0.7246565222740173,
      "std": 0.015582782216370106,
      "min": 0.6862149238586426,
      "max": 0.7789559960365295,
      "median": 0.7245128154754639,
      "q25": 0.7144053876399994,
      "q75": 0.7339702695608139
    },
    "5": {
      "mean": 0.7533559799194336,
      "std": 0.013823290355503559,
      "min": 0.7180619239807129,
      "max": 0.8050546646118164,
      "median": 0.752554714679718,
      "q25": 0.7441855072975159,
      "q75": 0.7618066817522049
    },
    "6": {
      "mean": 0.748428463935852,
      "std": 0.01340327225625515,
      "min": 0.7178640365600586,
      "max": 0.8020440340042114,
      "median": 0.7475109100341797,
      "q25": 0.7395306974649429,
      "q75": 0.7567198872566223
    },
    "7": {
      "mean": 0.7043669819831848,
      "std": 0.017361219972372055,
      "min": 0.6603024005889893,
      "max": 0.7727862596511841,
      "median": 0.7036703824996948,
      "q25": 0.692644864320755,
      "q75": 0.7154349684715271
    },
    "8": {
      "mean": 0.7653980851173401,
      "std": 0.016066748648881912,
      "min": 0.7210808396339417,
      "max": 0.8288151025772095,
      "median": 0.7640909552574158,
      "q25": 0.7551848739385605,
      "q75": 0.7759483307600021
    },
    "9": {
      "mean": 0.8148735165596008,
      "std": 0.013997381553053856,
      "min": 0.7769293785095215,
      "max": 0.8698740601539612,
      "median": 0.814001202583313,
      "q25": 0.805405393242836,
      "q75": 0.8242953717708588
    },
    "10": {
      "mean": 0.8834907412528992,
      "std": 0.00955104362219572,
      "min": 0.8588982224464417,
      "max": 0.9170483350753784,
      "median": 0.8832853436470032,
      "q25": 0.8769255578517914,
      "q75": 0.8895510733127594
    },
    "11": {
      "mean": 0.9489817023277283,
      "std": 0.00519188866019249,
      "min": 0.9321936964988708,
      "max": 0.9629459381103516,
      "median": 0.9492510557174683,
      "q25": 0.945238783955574,
      "q75": 0.9529232680797577
    }
  },
  "cka_similarity": {
    "0": 0.9839478308735875,
    "1": 0.9864517293513416,
    "2": 0.9720213422629366,
    "3": 0.9454984015681643,
    "4": 0.9089278457233483,
    "5": 0.8536707539660228,
    "6": 0.7427010449964845,
    "7": 0.5976628023703073,
    "8": 0.4691424409695138,
    "9": 0.35233392920311823,
    "10": 0.30146051762046466,
    "11": 0.34386953570425616
  }
}