{
  "model_name": "distilgpt2",
  "baseline": {
    "base": {
      "mean_answer_logit": -176.20791625976562,
      "std_answer_logit": 16.264379501342773,
      "median_answer_logit": -179.97816467285156,
      "accuracy": 0.94,
      "gt_prob_mass": 0.8549486398696899,
      "gt_prob_mass_std": 0.20509634912014008,
      "mean_valid_logit": -176.34600830078125
    },
    "distil": {
      "mean_answer_logit": -89.49895477294922,
      "std_answer_logit": 9.834875106811523,
      "median_answer_logit": -90.83452606201172,
      "accuracy": 0.873,
      "gt_prob_mass": 0.750034749507904,
      "gt_prob_mass_std": 0.20440419018268585,
      "mean_valid_logit": -89.73069763183594
    },
    "corrupt": {
      "mean_answer_logit": -189.95985412597656,
      "std_answer_logit": 21.5533504486084,
      "median_answer_logit": -199.5424041748047,
      "accuracy": 0.155,
      "gt_prob_mass": 0.30762001872062683,
      "gt_prob_mass_std": 0.2903672456741333,
      "mean_valid_logit": -190.24359130859375
    },
    "noise_ceiling": 0.5473286211490631,
    "degradation_accuracy": 0.0712765957446808,
    "degradation_gt_prob_mass": 0.12271367596745544,
    "recovery_pct": 87.72863240325447
  },
  "heads": [
    {
      "layer": 0,
      "head": 1,
      "class": "year_encoding",
      "base_score": 0.3315622806549072,
      "distil_score": 0.2829270362854004,
      "degradation": 0.14668509419540035,
      "base_score_norm": 0.6057828292604625,
      "distil_score_norm": 0.5169235178884354,
      "degradation_norm": 0.14668509419540038,
      "noise_ceiling": 0.5473286211490631
    },
    {
      "layer": 1,
      "head": 5,
      "class": "year_encoding",
      "base_score": 0.30511951446533203,
      "distil_score": 0.25459617376327515,
      "degradation": 0.16558541262295234,
      "base_score_norm": 0.5574704166297084,
      "distil_score_norm": 0.46516144766698897,
      "degradation_norm": 0.1655854126229524,
      "noise_ceiling": 0.5473286211490631
    }
  ],
  "paths": [],
  "statistics": {
    "class_year_encoding": {
      "name": "year_encoding_heads",
      "n": 2000,
      "base_mean": 0.5816265940666199,
      "base_std": 0.5311203002929688,
      "base_ci_lower": 0.557843129336834,
      "base_ci_upper": 0.6044049933552742,
      "distil_mean": 0.49104243516921997,
      "distil_std": 0.4583476185798645,
      "distil_ci_lower": 0.4714767947793007,
      "distil_ci_upper": 0.5116526290774346,
      "degradation": 0.155742809176445,
      "effect_size_cohens_d": 0.681133508682251,
      "p_value_ttest": 1.1459967505124121e-167,
      "significant_ttest": true,
      "p_value_wilcoxon": 2.150606583318903e-132,
      "significant_wilcoxon": true
    },
    "all_heads": {
      "name": "all_heads",
      "n": 2000,
      "base_mean": 0.5816265940666199,
      "base_std": 0.5311203002929688,
      "base_ci_lower": 0.556388147175312,
      "base_ci_upper": 0.6056931748986244,
      "distil_mean": 0.49104243516921997,
      "distil_std": 0.4583476185798645,
      "distil_ci_lower": 0.4719562612473965,
      "distil_ci_upper": 0.5130639269948005,
      "degradation": 0.155742809176445,
      "effect_size_cohens_d": 0.681133508682251,
      "p_value_ttest": 1.1459967505124121e-167,
      "significant_ttest": true,
      "p_value_wilcoxon": 2.150606583318903e-132,
      "significant_wilcoxon": true
    }
  },
  "skipped_heads": 4,
  "skipped_paths": 7,
  "n_layers": 6
}