{
  "model_name": "magnitude_neurons_sparsity70",
  "base_model": "base_model",
  "n_layers": 12,
  "d_model": 768,
  "n_samples": 500,
  "layer_similarities": {
    "0": {
      "mean": 0.8286497592926025,
      "std": 0.010754509828984737,
      "min": 0.8020769953727722,
      "max": 0.8670824766159058,
      "median": 0.8285363912582397,
      "q25": 0.8211394101381302,
      "q75": 0.8355464339256287
    },
    "1": {
      "mean": 0.7900258898735046,
      "std": 0.02014531008899212,
      "min": 0.7188992500305176,
      "max": 0.8417099714279175,
      "median": 0.7899712324142456,
      "q25": 0.7758001089096069,
      "q75": 0.804128423333168
    },
    "2": {
      "mean": 0.7523120045661926,
      "std": 0.03532123565673828,
      "min": 0.6467006206512451,
      "max": 0.8377070426940918,
      "median": 0.7546254396438599,
      "q25": 0.72682324051857,
      "q75": 0.7771419882774353
    },
    "3": {
      "mean": 0.8061304688453674,
      "std": 0.01647123694419861,
      "min": 0.7415162920951843,
      "max": 0.8432371616363525,
      "median": 0.8080840110778809,
      "q25": 0.7960200011730194,
      "q75": 0.8177173882722855
    },
    "4": {
      "mean": 0.7531163096427917,
      "std": 0.02841997519135475,
      "min": 0.651350200176239,
      "max": 0.8197470903396606,
      "median": 0.7567366361618042,
      "q25": 0.7377631366252899,
      "q75": 0.7717835605144501
    },
    "5": {
      "mean": 0.7324787974357605,
      "std": 0.031244108453392982,
      "min": 0.6239604949951172,
      "max": 0.81485515832901,
      "median": 0.7349109649658203,
      "q25": 0.7143592089414597,
      "q75": 0.7543881237506866
    },
    "6": {
      "mean": 0.6681269407272339,
      "std": 0.04696231335401535,
      "min": 0.5362274646759033,
      "max": 0.8033571839332581,
      "median": 0.6692811250686646,
      "q25": 0.6379609704017639,
      "q75": 0.7004534006118774
    },
    "7": {
      "mean": 0.6509349346160889,
      "std": 0.054235946387052536,
      "min": 0.48612648248672485,
      "max": 0.8176782727241516,
      "median": 0.6521899700164795,
      "q25": 0.616357833147049,
      "q75": 0.6873927861452103
    },
    "8": {
      "mean": 0.5877522826194763,
      "std": 0.07806219160556793,
      "min": 0.3657872676849365,
      "max": 0.839216947555542,
      "median": 0.5818221569061279,
      "q25": 0.5366208702325821,
      "q75": 0.6346412003040314
    },
    "9": {
      "mean": 0.5574926733970642,
      "std": 0.09669241309165955,
      "min": 0.23330241441726685,
      "max": 0.8570156097412109,
      "median": 0.551112711429596,
      "q25": 0.4922944977879524,
      "q75": 0.6167311817407608
    },
    "10": {
      "mean": 0.6006022691726685,
      "std": 0.10902374982833862,
      "min": 0.26884281635284424,
      "max": 0.8692999482154846,
      "median": 0.6019167304039001,
      "q25": 0.5278777331113815,
      "q75": 0.6815310716629028
    },
    "11": {
      "mean": 0.7048417925834656,
      "std": 0.11768962442874908,
      "min": 0.33846941590309143,
      "max": 0.9372272491455078,
      "median": 0.7151904702186584,
      "q25": 0.631208062171936,
      "q75": 0.79742631316185
    }
  },
  "cka_similarity": {
    "0": 0.9862707081862481,
    "1": 0.9002509887379682,
    "2": 0.8301709378936926,
    "3": 0.622849453392883,
    "4": 0.46410873197003244,
    "5": 0.39995045417208386,
    "6": 0.3511833074052502,
    "7": 0.3267532019659218,
    "8": 0.31617160644312114,
    "9": 0.308648142566374,
    "10": 0.27256735215482997,
    "11": 0.2210084282096004
  }
}