{
  "mean_logit_diff": 2.9420762062072754,
  "std_logit_diff": 1.796983003616333,
  "median_logit_diff": 2.821660041809082,
  "accuracy": 0.9480000138282776
}