{
  "model": "random_neurons_sparsity70",
  "pruning_type": "random_neurons",
  "sparsity": 70,
  "entropy_mean": 1.4779695505723227,
  "entropy_std": 0.9581921827117575,
  "effective_support_mean": 7.801027296119325,
  "top1_mass_mean": 0.6322760187970319,
  "top3_mass_mean": 0.7685957378540964,
  "first_token_attention_mean": 0.552095540495878,
  "prev_token_attention_mean": 0.06631920280914022,
  "last_token_attention_mean": 0.00035576207188583103,
  "head_similarity_mean": 0.8194115741592315,
  "head_similarity_std": 0.15009464801402567,
  "head_similarity_min": 0.2764521107077599,
  "entropy_change_mean": -0.5354320647484928,
  "entropy_change_std": 0.7686744667834824
}