{
  "model_name": "random_neurons_sparsity30",
  "base_model": "base_model",
  "n_layers": 12,
  "d_model": 768,
  "n_samples": 500,
  "layer_similarities": {
    "0": {
      "mean": 0.9831538200378418,
      "std": 0.001973214326426387,
      "min": 0.9777927398681641,
      "max": 0.9871752262115479,
      "median": 0.9835289716720581,
      "q25": 0.9817337989807129,
      "q75": 0.9847526103258133
    },
    "1": {
      "mean": 0.9799675345420837,
      "std": 0.0013404696946963668,
      "min": 0.9753522872924805,
      "max": 0.98382169008255,
      "median": 0.9801044464111328,
      "q25": 0.9791140258312225,
      "q75": 0.9809332340955734
    },
    "2": {
      "mean": 0.9364548325538635,
      "std": 0.005944559350609779,
      "min": 0.916742742061615,
      "max": 0.9576191902160645,
      "median": 0.9368412494659424,
      "q25": 0.932747095823288,
      "q75": 0.9406139999628067
    },
    "3": {
      "mean": 0.9305437207221985,
      "std": 0.005719334818422794,
      "min": 0.910564124584198,
      "max": 0.9507954120635986,
      "median": 0.9308111071586609,
      "q25": 0.9266214966773987,
      "q75": 0.9344461411237717
    },
    "4": {
      "mean": 0.8825908303260803,
      "std": 0.009405126795172691,
      "min": 0.8568898439407349,
      "max": 0.9087417125701904,
      "median": 0.8821010589599609,
      "q25": 0.8762593865394592,
      "q75": 0.8886960297822952
    },
    "5": {
      "mean": 0.9237229228019714,
      "std": 0.006142968777567148,
      "min": 0.9058725833892822,
      "max": 0.9417889714241028,
      "median": 0.9239447712898254,
      "q25": 0.9195345640182495,
      "q75": 0.9281592965126038
    },
    "6": {
      "mean": 0.8850557804107666,
      "std": 0.013533895835280418,
      "min": 0.8428934216499329,
      "max": 0.9194046854972839,
      "median": 0.8849935531616211,
      "q25": 0.8755489140748978,
      "q75": 0.8945312798023224
    },
    "7": {
      "mean": 0.8838719725608826,
      "std": 0.014041234739124775,
      "min": 0.8442137241363525,
      "max": 0.920891523361206,
      "median": 0.8843954801559448,
      "q25": 0.873651385307312,
      "q75": 0.8936922550201416
    },
    "8": {
      "mean": 0.8868271112442017,
      "std": 0.014711068011820316,
      "min": 0.839714527130127,
      "max": 0.9223193526268005,
      "median": 0.8875751495361328,
      "q25": 0.8774749338626862,
      "q75": 0.8969218730926514
    },
    "9": {
      "mean": 0.8951194286346436,
      "std": 0.011379876174032688,
      "min": 0.8600166440010071,
      "max": 0.9245905876159668,
      "median": 0.8959654569625854,
      "q25": 0.8883942365646362,
      "q75": 0.9032568633556366
    },
    "10": {
      "mean": 0.9161016345024109,
      "std": 0.008910859934985638,
      "min": 0.8859602808952332,
      "max": 0.9364585876464844,
      "median": 0.9165947437286377,
      "q25": 0.9105870723724365,
      "q75": 0.922118529677391
    },
    "11": {
      "mean": 0.9010228514671326,
      "std": 0.02057153731584549,
      "min": 0.8363301753997803,
      "max": 0.9509847164154053,
      "median": 0.902551531791687,
      "q25": 0.8869786113500595,
      "q75": 0.9155998378992081
    }
  },
  "cka_similarity": {
    "0": 0.9969211678103678,
    "1": 0.9944236734044839,
    "2": 0.9885219868910842,
    "3": 0.9770451072427363,
    "4": 0.9643371094637687,
    "5": 0.9201449903362303,
    "6": 0.8531782504493167,
    "7": 0.7980803875129228,
    "8": 0.7476476643406321,
    "9": 0.6710406284805875,
    "10": 0.6932683776194404,
    "11": 0.29407617253329976
  }
}