{
  "comparison_type": "layer_to_layer",
  "gpt2_n_layers": 13,
  "distilgpt2_n_layers": 7,
  "gpt2_d_model": 768,
  "distilgpt2_d_model": 768,
  "layer_similarities": {
    "gpt2_0_distil_0": {
      "gpt2_layer": 0,
      "distil_layer": 0,
      "mean": 0.9976559281349182,
      "std": 0.00016931681602727622,
      "median": 0.9976685047149658,
      "q25": 0.9975393861532211,
      "q75": 0.9977495968341827
    },
    "gpt2_1_distil_1": {
      "gpt2_layer": 1,
      "distil_layer": 1,
      "mean": 0.9704936146736145,
      "std": 0.0014494959032163024,
      "median": 0.9706823229789734,
      "q25": 0.9694753289222717,
      "q75": 0.9712804853916168
    },
    "gpt2_2_distil_2": {
      "gpt2_layer": 2,
      "distil_layer": 2,
      "mean": 0.927359402179718,
      "std": 0.00971038918942213,
      "median": 0.9299306273460388,
      "q25": 0.9219001084566116,
      "q75": 0.9351128786802292
    },
    "gpt2_3_distil_3": {
      "gpt2_layer": 3,
      "distil_layer": 3,
      "mean": 0.9570555090904236,
      "std": 0.002980536315590143,
      "median": 0.9568794369697571,
      "q25": 0.955020546913147,
      "q75": 0.9585374891757965
    },
    "gpt2_4_distil_4": {
      "gpt2_layer": 4,
      "distil_layer": 4,
      "mean": 0.8694766163825989,
      "std": 0.006450335960835218,
      "median": 0.8704169988632202,
      "q25": 0.8647012859582901,
      "q75": 0.873921126127243
    },
    "gpt2_5_distil_5": {
      "gpt2_layer": 5,
      "distil_layer": 5,
      "mean": 0.7119023203849792,
      "std": 0.007952533662319183,
      "median": 0.712354838848114,
      "q25": 0.706811785697937,
      "q75": 0.7186721563339233
    },
    "gpt2_6_distil_6": {
      "gpt2_layer": 6,
      "distil_layer": 6,
      "mean": 0.05583753064274788,
      "std": 0.005631052423268557,
      "median": 0.05569201707839966,
      "q25": 0.0525866998359561,
      "q75": 0.05889968387782574
    }
  },
  "cka_similarity": {
    "gpt2_0_distil_0": 0.9999119121167842,
    "gpt2_1_distil_1": 0.9938899145475388,
    "gpt2_2_distil_2": 0.9821318417173391,
    "gpt2_3_distil_3": 0.9566727728991914,
    "gpt2_4_distil_4": 0.8349310019986197,
    "gpt2_5_distil_5": 0.5483981452887212,
    "gpt2_6_distil_6": 0.13270642506357638
  }
}