{
  "comparison_type": "layer_to_layer",
  "gpt2_layers": 13,
  "distilgpt2_layers": 7,
  "gpt2_d_model": 768,
  "distilgpt2_d_model": 768,
  "n_layer_pairs_compared": 7,
  "overall_mean_cosine": 0.7842544173555714,
  "overall_median_cosine": 0.9299306273460388,
  "overall_std_cosine": 0.3102195783170134,
  "min_cosine": 0.05583753064274788,
  "max_cosine": 0.9976559281349182,
  "early_layers_cosine": 0.9976559281349182,
  "middle_layers_cosine": 0.9310962855815887,
  "late_layers_cosine": 0.38386992551386356,
  "overall_mean_cka": 0.7783774305188244,
  "overall_median_cka": 0.9566727728991914,
  "overall_std_cka": 0.30279839400266445,
  "min_cka": 0.13270642506357638,
  "max_cka": 0.9999119121167842,
  "early_layers_cka": 0.9999119121167842,
  "middle_layers_cka": 0.9419063827906723,
  "late_layers_cka": 0.3405522851761488
}