{
  "mean_logit_diff": 2.9599974155426025,
  "std_logit_diff": 1.8433820009231567,
  "median_logit_diff": 2.9426660537719727,
  "accuracy": 0.9480000138282776
}