{
  "model_name": "random_attention_heads_sparsity30",
  "base_model": "base_model",
  "n_layers": 12,
  "d_model": 768,
  "n_samples": 500,
  "layer_similarities": {
    "0": {
      "mean": 0.7620742321014404,
      "std": 0.010975304059684277,
      "min": 0.7316359281539917,
      "max": 0.8100529313087463,
      "median": 0.7613893747329712,
      "q25": 0.7550627440214157,
      "q75": 0.7685220241546631
    },
    "1": {
      "mean": 0.935347318649292,
      "std": 0.00418228842318058,
      "min": 0.9237361550331116,
      "max": 0.9516544342041016,
      "median": 0.9353444576263428,
      "q25": 0.9323706030845642,
      "q75": 0.9381096959114075
    },
    "2": {
      "mean": 0.8832554817199707,
      "std": 0.007964467629790306,
      "min": 0.8628462553024292,
      "max": 0.9203745126724243,
      "median": 0.8825901746749878,
      "q25": 0.8776236474514008,
      "q75": 0.8882856518030167
    },
    "3": {
      "mean": 0.8695122003555298,
      "std": 0.009500627405941486,
      "min": 0.8469955921173096,
      "max": 0.9173073172569275,
      "median": 0.8685683012008667,
      "q25": 0.863007053732872,
      "q75": 0.8751508295536041
    },
    "4": {
      "mean": 0.8907819390296936,
      "std": 0.008527851663529873,
      "min": 0.870030403137207,
      "max": 0.9337508678436279,
      "median": 0.8901654481887817,
      "q25": 0.8855243921279907,
      "q75": 0.8962454199790955
    },
    "5": {
      "mean": 0.8848258256912231,
      "std": 0.009488621726632118,
      "min": 0.8611445426940918,
      "max": 0.9340131282806396,
      "median": 0.8838226795196533,
      "q25": 0.8788841366767883,
      "q75": 0.8904891163110733
    },
    "6": {
      "mean": 0.864338219165802,
      "std": 0.011938258074223995,
      "min": 0.8284758925437927,
      "max": 0.9234245419502258,
      "median": 0.8639312386512756,
      "q25": 0.8568012416362762,
      "q75": 0.8719787150621414
    },
    "7": {
      "mean": 0.8572860360145569,
      "std": 0.013205238617956638,
      "min": 0.8150472640991211,
      "max": 0.915916919708252,
      "median": 0.8570382595062256,
      "q25": 0.8490706980228424,
      "q75": 0.8654224872589111
    },
    "8": {
      "mean": 0.8643849492073059,
      "std": 0.012674380093812943,
      "min": 0.8272420763969421,
      "max": 0.9188085794448853,
      "median": 0.8641977310180664,
      "q25": 0.8562918603420258,
      "q75": 0.8725166916847229
    },
    "9": {
      "mean": 0.873316764831543,
      "std": 0.013755813241004944,
      "min": 0.8281843662261963,
      "max": 0.9294453859329224,
      "median": 0.8732035756111145,
      "q25": 0.8643751293420792,
      "q75": 0.8815136700868607
    },
    "10": {
      "mean": 0.9194549918174744,
      "std": 0.009187635965645313,
      "min": 0.8891927003860474,
      "max": 0.9572840929031372,
      "median": 0.9193603992462158,
      "q25": 0.9133691936731339,
      "q75": 0.9252431392669678
    },
    "11": {
      "mean": 0.9588459134101868,
      "std": 0.006652917712926865,
      "min": 0.9373670816421509,
      "max": 0.9770681262016296,
      "median": 0.9593862295150757,
      "q25": 0.9546600431203842,
      "q75": 0.9634066075086594
    }
  },
  "cka_similarity": {
    "0": 0.9915462000536508,
    "1": 0.9885908709206194,
    "2": 0.9770647882238657,
    "3": 0.9550666787408206,
    "4": 0.9241536089808633,
    "5": 0.875948435601955,
    "6": 0.7674049178118126,
    "7": 0.6267834576010977,
    "8": 0.56626945658105,
    "9": 0.5897607831672352,
    "10": 0.7013018686010525,
    "11": 0.6516382978837193
  }
}