{
  "model_name": "random_attention_heads_sparsity50",
  "base_model": "base_model",
  "n_layers": 12,
  "d_model": 768,
  "n_samples": 500,
  "layer_similarities": {
    "0": {
      "mean": 0.9545499086380005,
      "std": 0.004103497136384249,
      "min": 0.9437640905380249,
      "max": 0.9662926197052002,
      "median": 0.9546971321105957,
      "q25": 0.9520177841186523,
      "q75": 0.9573846310377121
    },
    "1": {
      "mean": 0.9562870860099792,
      "std": 0.004767421633005142,
      "min": 0.9441292881965637,
      "max": 0.9703618884086609,
      "median": 0.9562866687774658,
      "q25": 0.9529586434364319,
      "q75": 0.9595098793506622
    },
    "2": {
      "mean": 0.9495693445205688,
      "std": 0.003889596788212657,
      "min": 0.9354019165039062,
      "max": 0.9598284363746643,
      "median": 0.9496798515319824,
      "q25": 0.9468874037265778,
      "q75": 0.9523719698190689
    },
    "3": {
      "mean": 0.9313529133796692,
      "std": 0.005061017349362373,
      "min": 0.9144948720932007,
      "max": 0.945481538772583,
      "median": 0.931571364402771,
      "q25": 0.9278945922851562,
      "q75": 0.9347768574953079
    },
    "4": {
      "mean": 0.89420086145401,
      "std": 0.0066597131080925465,
      "min": 0.8758074045181274,
      "max": 0.912409245967865,
      "median": 0.8940397500991821,
      "q25": 0.8897386938333511,
      "q75": 0.8988858759403229
    },
    "5": {
      "mean": 0.8922561407089233,
      "std": 0.007548924535512924,
      "min": 0.8704222440719604,
      "max": 0.9161524176597595,
      "median": 0.8919663429260254,
      "q25": 0.8874439895153046,
      "q75": 0.8975114077329636
    },
    "6": {
      "mean": 0.8144322037696838,
      "std": 0.01971830055117607,
      "min": 0.7529107332229614,
      "max": 0.8883559107780457,
      "median": 0.8142433166503906,
      "q25": 0.8003072738647461,
      "q75": 0.8279088139533997
    },
    "7": {
      "mean": 0.7940536141395569,
      "std": 0.021193983033299446,
      "min": 0.7338103652000427,
      "max": 0.8791571855545044,
      "median": 0.7943639755249023,
      "q25": 0.7791402637958527,
      "q75": 0.8073991388082504
    },
    "8": {
      "mean": 0.8021633625030518,
      "std": 0.017985021695494652,
      "min": 0.7491720914840698,
      "max": 0.8772085905075073,
      "median": 0.8025844693183899,
      "q25": 0.7897656261920929,
      "q75": 0.813445582985878
    },
    "9": {
      "mean": 0.8613383769989014,
      "std": 0.011204089038074017,
      "min": 0.8294656276702881,
      "max": 0.9115734696388245,
      "median": 0.8603733777999878,
      "q25": 0.8537447601556778,
      "q75": 0.8684230148792267
    },
    "10": {
      "mean": 0.9120598435401917,
      "std": 0.007281791884452105,
      "min": 0.893908679485321,
      "max": 0.9398623704910278,
      "median": 0.9118530750274658,
      "q25": 0.9068341106176376,
      "q75": 0.9169694632291794
    },
    "11": {
      "mean": 0.9672358632087708,
      "std": 0.003777245292440057,
      "min": 0.9518191814422607,
      "max": 0.97838294506073,
      "median": 0.9675493836402893,
      "q25": 0.9650271832942963,
      "q75": 0.9696803987026215
    }
  },
  "cka_similarity": {
    "0": 0.9935509543931007,
    "1": 0.9871873681080051,
    "2": 0.9808808806757235,
    "3": 0.9689035590953801,
    "4": 0.9507385993859457,
    "5": 0.9164168976421797,
    "6": 0.7522879464222795,
    "7": 0.6872706916647757,
    "8": 0.6283415045959663,
    "9": 0.6569429643048189,
    "10": 0.6717891654113363,
    "11": 0.6125437394442361
  }
}