{
  "model_name": "gpt2_int8_quantized",
  "n_layers": 13,
  "d_model": 768,
  "layer_similarities": {
    "0": {
      "mean": 1.0,
      "std": 9.191492722493422e-08,
      "median": 1.0,
      "q25": 0.9999999403953552,
      "q75": 1.0
    },
    "1": {
      "mean": 0.9971345067024231,
      "std": 0.0001276865223189816,
      "median": 0.9971441030502319,
      "q25": 0.9970537424087524,
      "q75": 0.9972193241119385
    },
    "2": {
      "mean": 0.9955958127975464,
      "std": 0.000282205204712227,
      "median": 0.9956074953079224,
      "q25": 0.9954389929771423,
      "q75": 0.9958025813102722
    },
    "3": {
      "mean": 0.9685936570167542,
      "std": 0.003523631487041712,
      "median": 0.9686442017555237,
      "q25": 0.9663218855857849,
      "q75": 0.9705361127853394
    },
    "4": {
      "mean": 0.9871384501457214,
      "std": 0.0009892615489661694,
      "median": 0.9871293306350708,
      "q25": 0.9865155816078186,
      "q75": 0.9877620935440063
    },
    "5": {
      "mean": 0.9824695587158203,
      "std": 0.0017431725282222033,
      "median": 0.9824254512786865,
      "q25": 0.9812999963760376,
      "q75": 0.9836033582687378
    },
    "6": {
      "mean": 0.9814200401306152,
      "std": 0.0020954355131834745,
      "median": 0.9814904928207397,
      "q25": 0.9798898100852966,
      "q75": 0.9828735589981079
    },
    "7": {
      "mean": 0.9819990396499634,
      "std": 0.002319052116945386,
      "median": 0.9821159243583679,
      "q25": 0.9805840253829956,
      "q75": 0.9836248159408569
    },
    "8": {
      "mean": 0.9790908694267273,
      "std": 0.002858162159100175,
      "median": 0.9793053865432739,
      "q25": 0.9772173166275024,
      "q75": 0.9811708927154541
    },
    "9": {
      "mean": 0.9769322276115417,
      "std": 0.0035188859328627586,
      "median": 0.9770853519439697,
      "q25": 0.9746915102005005,
      "q75": 0.979333758354187
    },
    "10": {
      "mean": 0.9781802892684937,
      "std": 0.003494178643450141,
      "median": 0.9782924652099609,
      "q25": 0.9760531783103943,
      "q75": 0.980629563331604
    },
    "11": {
      "mean": 0.9855576157569885,
      "std": 0.00229996582493186,
      "median": 0.9857724905014038,
      "q25": 0.9841411113739014,
      "q75": 0.9871399998664856
    },
    "12": {
      "mean": 0.9989144206047058,
      "std": 0.0005979331908747554,
      "median": 0.999071478843689,
      "q25": 0.9986894130706787,
      "q75": 0.9993445873260498
    }
  },
  "cka_similarity": {
    "0": 0.999999999999997,
    "1": 0.9993671633085511,
    "2": 0.9983168184466139,
    "3": 0.9944716735828982,
    "4": 0.9908071094556983,
    "5": 0.9878086378388591,
    "6": 0.9792571912575693,
    "7": 0.9645409649096933,
    "8": 0.9511885329234803,
    "9": 0.9266774024336153,
    "10": 0.9147937132527834,
    "11": 0.898344974354557,
    "12": 0.3418088776352818
  }
}