{
  "mean_logit_diff": 2.8546268939971924,
  "std_logit_diff": 1.9418857097625732,
  "median_logit_diff": 2.8673553466796875,
  "accuracy": 0.9399999976158142,
  "gt_prob_mass": 0.8549486398696899,
  "gt_prob_mass_std": 0.20509637892246246
}