{
  "model_name": "magnitude_neurons_sparsity30",
  "base_model": "base_model",
  "n_layers": 12,
  "d_model": 768,
  "n_samples": 500,
  "layer_similarities": {
    "0": {
      "mean": 0.8547806143760681,
      "std": 0.007052689325064421,
      "min": 0.8370628356933594,
      "max": 0.8889078497886658,
      "median": 0.8543062210083008,
      "q25": 0.8503514230251312,
      "q75": 0.8589242249727249
    },
    "1": {
      "mean": 0.8186094760894775,
      "std": 0.013813968747854233,
      "min": 0.7690688967704773,
      "max": 0.8543469905853271,
      "median": 0.8197019696235657,
      "q25": 0.8100361377000809,
      "q75": 0.8283435851335526
    },
    "2": {
      "mean": 0.8926001191139221,
      "std": 0.006067425478249788,
      "min": 0.8693487048149109,
      "max": 0.9047709703445435,
      "median": 0.8931138515472412,
      "q25": 0.8890536725521088,
      "q75": 0.8968815803527832
    },
    "3": {
      "mean": 0.8834185600280762,
      "std": 0.007458696607500315,
      "min": 0.8572711944580078,
      "max": 0.8985171318054199,
      "median": 0.8842042088508606,
      "q25": 0.8794642984867096,
      "q75": 0.8885120749473572
    },
    "4": {
      "mean": 0.8579277396202087,
      "std": 0.010242258198559284,
      "min": 0.8139570951461792,
      "max": 0.887229323387146,
      "median": 0.8593415021896362,
      "q25": 0.8524494469165802,
      "q75": 0.8650986105203629
    },
    "5": {
      "mean": 0.8446639776229858,
      "std": 0.010385943576693535,
      "min": 0.7953618168830872,
      "max": 0.8778817653656006,
      "median": 0.8457869291305542,
      "q25": 0.839031308889389,
      "q75": 0.8513704389333725
    },
    "6": {
      "mean": 0.8078264594078064,
      "std": 0.013055083341896534,
      "min": 0.7604643106460571,
      "max": 0.8476359844207764,
      "median": 0.8088053464889526,
      "q25": 0.7996126711368561,
      "q75": 0.816167950630188
    },
    "7": {
      "mean": 0.8197493553161621,
      "std": 0.013607777655124664,
      "min": 0.7722089290618896,
      "max": 0.860485315322876,
      "median": 0.8209965229034424,
      "q25": 0.8121615946292877,
      "q75": 0.8285415023565292
    },
    "8": {
      "mean": 0.8217839598655701,
      "std": 0.019652752205729485,
      "min": 0.7426519393920898,
      "max": 0.8727415204048157,
      "median": 0.8238767385482788,
      "q25": 0.8103362917900085,
      "q75": 0.8351043164730072
    },
    "9": {
      "mean": 0.8338052034378052,
      "std": 0.02473929151892662,
      "min": 0.7128046751022339,
      "max": 0.8906826972961426,
      "median": 0.8371567726135254,
      "q25": 0.8203915506601334,
      "q75": 0.8501167446374893
    },
    "10": {
      "mean": 0.8841437697410583,
      "std": 0.01815067045390606,
      "min": 0.7859435677528381,
      "max": 0.9273889064788818,
      "median": 0.8867963552474976,
      "q25": 0.8740458637475967,
      "q75": 0.8964681774377823
    },
    "11": {
      "mean": 0.9489390850067139,
      "std": 0.00811821036040783,
      "min": 0.9199190139770508,
      "max": 0.9706118106842041,
      "median": 0.9490229487419128,
      "q25": 0.9436046481132507,
      "q75": 0.9549304246902466
    }
  },
  "cka_similarity": {
    "0": 0.9927971418742155,
    "1": 0.940139459817021,
    "2": 0.9039026453728093,
    "3": 0.8530866485854282,
    "4": 0.7589598122742239,
    "5": 0.6994768550039944,
    "6": 0.6160129857858357,
    "7": 0.55366921437662,
    "8": 0.5310370368174402,
    "9": 0.5032911215857819,
    "10": 0.5210657560087987,
    "11": 0.4988333794063263
  }
}